indicator_id,name,channel,signal_role,typical_lead,read_as,frequency,unit,series_ref,source_name,source_url,access,why_it_matters,collection
ACAD_HERD_EQUIPMENT,University capitalized R&D equipment expenditures (HERD),Academic & government,lagging-confirm,"annual, about 1 yr lag",higher = bullish,annual,USD_bn,NSF NCSES HERD,NSF NCSES,https://ncses.nsf.gov/surveys/higher-education-research-development,free,The closest public number to academic instrument spend; use for back-testing. GAP: not yet collected.,curated
ACAD_HERD_TOTAL,Higher-education R&D expenditures (HERD survey),Academic & government,lagging-confirm,"annual, about 1 yr lag",higher = bullish,annual,USD_bn,NSF NCSES HERD,NSF NCSES,https://ncses.nsf.gov/surveys/higher-education-research-development,free,Ground truth for university R&D. GAP: not yet collected.,curated
ACAD_NIH_APPROPS_STATUS,NIH appropriations status: event log,Academic & government,leading,2-6 qtrs,context,event,text,"Congress.gov, CRS",Congressional Research Service,https://www.congress.gov/crs-product/R49353,free,Full-year bill vs continuing resolution: CRs delay new awards and push spending late in the year.,curated
ACAD_NIH_AWARD_DOLLAR_PACE,"NIH award dollars vs baseline, year to date (pct)",Academic & government,leading,1-3 qtrs,higher = bullish,irregular (trackers),pct,AAU RePORTER analysis,AAU,https://www.aau.edu/newsroom/leading-research-universities-report/data-show-dramatic-slowdown-nih-grantmaking,free,Dollar pace vs count pace shows whether multiyear funding is concentrating money.,curated
ACAD_NIH_AWARD_PACE_VS_FY24,NIH competitive awards (all mechanisms) vs same point in FY2024 (pct),Academic & government,leading,1-3 qtrs,higher = bullish,irregular (trackers),pct,AAMC tracker,AAMC,https://www.aamc.org/about-us/mission-areas/biomedical-research/publication/tracking-nih-awards-fy-2026-1,free,Same idea against a single-year baseline.,curated
ACAD_NIH_COMPETING_AWARDS_YTD,"NIH new and competing grants awarded, fiscal year to date (count)",Academic & government,leading,1-3 qtrs,higher = bullish,irregular (trackers),count,Science / RePORTER,Science (AAAS),https://www.science.org/content/article/nih-likely-award-fewer-grants-it-races-spend-2026-budget,free,Absolute YTD count.,curated
ACAD_NIH_COMPETING_RPG_AWARDS,"NIH competing research project grants awarded (count, all RPGs)",Academic & government,leading,1-4 qtrs,higher = bullish,annual,count,NIH Data Book / Extramural Nexus 'By the Numbers',NIH,https://report.nih.gov/nihdatabook/,free,New and renewed projects buy start-up equipment; counts matter more than dollars when multiyear funding concentrates money.,curated
ACAD_NIH_COMPETING_RPG_PACE,NIH competitive RPG awards vs same point in FY2024 (pct),Academic & government,leading,1-3 qtrs,higher = bullish,irregular (trackers),pct,AAMC tracker,AAMC,https://www.aamc.org/about-us/mission-areas/biomedical-research/publication/tracking-nih-awards-fy-2026-1,free,RPG-only version of the pace metric.,curated
ACAD_NIH_EXTRAMURAL_OBLIGATED_YTD,"NIH extramural grant dollars obligated, fiscal year to date",Academic & government,leading,0-2 qtrs,higher = bullish,irregular (trackers),USD_bn,AAMC tracker,AAMC,https://www.aamc.org/about-us/mission-areas/biomedical-research/publication/tracking-nih-awards-fy-2026-1,free,Cash actually reaching universities; a late-year surge implies back-loaded purchasing.,curated
ACAD_NIH_GRANTS_VS_FY2024,NIH grants awarded vs same point in FY2024 (count difference),Academic & government,leading,1-3 qtrs,higher = bullish,irregular (trackers),count,AAMC tracker,AAMC,https://www.aamc.org/about-us/mission-areas/biomedical-research/publication/tracking-nih-awards-fy-2026-1,free,Volume gap in grants (all types).,curated
ACAD_NIH_GRANT_COUNT_VS_HISTORY,NIH grants funded in a fiscal year vs prior-year norms (pct),Academic & government,leading,1-4 qtrs,higher = bullish,annual,pct,STAT survey; Good Science Project,STAT / Good Science Project,https://www.statnews.com/2026/04/30/nih-grant-funding-national-stat-survey-impact-labs-careers/,free,Full-year volume shortfall; baselines differ (see notes).,curated
ACAD_NIH_HOUSE_MARK,NIH funding in House Appropriations LHHS bill,Academic & government,leading,3-6 qtrs,higher = bullish,annual,USD_bn,House LHHS bill,House Appropriations Committee,https://appropriations.house.gov/,free,Committee marks bracket the likely enacted number months before the fiscal year.,curated
ACAD_NIH_IDC_CAP,NIH 15% indirect-cost cap: event log,Academic & government,structural,2-6 qtrs,cap in force = bearish,event,text,NOT-OD-25-068 and litigation,NIH / courts / Congress,https://grants.nih.gov/grants/guide/notice-files/NOT-OD-25-068.html,free,Indirect costs fund core facilities and shared instruments; a cap would hit university instrument budgets directly.,curated
ACAD_NIH_MYF_COMPETING_YTD_USD,"NIH competitive multiyear-funded RPG dollars, fiscal year to date",Academic & government,context,n/a,context (more = fewer awards),irregular (trackers),USD_bn,AAMC tracker,AAMC,https://www.aamc.org/about-us/mission-areas/biomedical-research/publication/tracking-nih-awards-fy-2026-1,free,Year-to-date version; not comparable with the full-year ACAD_NIH_MYF_USD.,curated
ACAD_NIH_MYF_N,NIH multiyear (up-front) funded awards: count,Academic & government,context,n/a,context,annual,count,AAMC analysis,AAMC,https://www.aamc.org/about-us/biomedical-research/publication/multiyear-funding-nih-research-grants,free,See above.,curated
ACAD_NIH_MYF_POLICY,NIH multiyear-funding policy events,Academic & government,structural,2-6 qtrs,context,event,text,"NIH notices, appropriations acts",Various,https://www.aamc.org/about-us/biomedical-research/publication/multiyear-funding-nih-research-grants,free,Policy switches that change award counts.,curated
ACAD_NIH_MYF_SHARE,Share of NIH projects multiyear-funded,Academic & government,context,n/a,context,annual,pct,Good Science Project,Good Science Project (J. Berg),https://goodscience.substack.com/p/understanding-and-modeling-nih-research,free,See above.,curated
ACAD_NIH_MYF_USD,NIH multiyear (up-front) funded awards: dollars,Academic & government,context,n/a,context (more = fewer awards),annual,USD_bn,AAMC analysis,AAMC,https://www.aamc.org/about-us/biomedical-research/publication/multiyear-funding-nih-research-grants,free,"Up-front funding concentrates cash in fewer grants: good for funded labs' near-term spend, bad for the number of labs.",curated
ACAD_NIH_NEW_AWARD_PACE,NIH award count vs FY2021-24 average for the same point in the year (pct),Academic & government,leading,1-3 qtrs,higher = bullish,irregular (trackers),pct,AAU / STAT (Johns Hopkins) RePORTER analyses,AAU / STAT,https://www.aau.edu/newsroom/leading-research-universities-report/data-show-dramatic-slowdown-nih-grantmaking,free,Intra-year award pace: shows timing (back-loaded spend) and volume. Replace with auto ACAD_NIH_NEW_AWARDS_N once fetched.,curated
ACAD_NIH_PBR,NIH President's budget request,Academic & government,leading,4-8 qtrs,higher = bullish,annual,USD_bn,NIH Congressional Justification,NIH Office of Budget,https://officeofbudget.od.nih.gov/,free,"Sets the downside scenario; Congress has rejected deep cuts so far, but requests drive institutional caution (hiring freezes, deferred capex).",curated
ACAD_NIH_PROGRAM_LEVEL,NIH enacted program level (federal FY),Academic & government,leading,3-6 qtrs,higher = bullish,annual,USD_bn,CRS R43341 table,Congressional Research Service,https://www.congress.gov/crs-product/R43341,free,Top of the academic funding funnel. Program level excludes ARPA-H unless noted.,curated
ACAD_NIH_R01EQ_AWARDS,NIH R01-equivalent competing awards (count),Academic & government,leading,1-4 qtrs,higher = bullish,annual,count,NIH Data Book,NIH,https://report.nih.gov/nihdatabook/,free,R01s are the core independent-lab grant.,curated
ACAD_NIH_R01EQ_INVESTIGATORS,Investigators winning R01-equivalent grants (count),Academic & government,leading,1-4 qtrs,higher = bullish,annual,count,NIH Data Book,NIH,https://report.nih.gov/nihdatabook/,free,"Number of funded PIs, a proxy for active labs.",curated
ACAD_NIH_RPG_SUCCESS_RATE,NIH RPG success rate,Academic & government,leading,1-4 qtrs,higher = bullish,annual,pct,NIH Data Book,NIH,https://report.nih.gov/nihdatabook/report/20,free,Share of applications funded; falling rates mean fewer funded labs.,curated
ACAD_NIH_S10_AWARDS,NIH S10 shared/high-end instrumentation program: annual awards,Academic & government,leading,1-4 qtrs,higher = bullish,annual,USD_mn,NIH ORIP S10 program,NIH ORIP,https://orip.nih.gov/construction-and-instruments/s10-instrumentation-programs,free,Most direct academic instrument-purchase budget. GAP: not yet collected; the monthly auto series ACAD_NIH_S10_* covers it once fetched.,curated
ACAD_NIH_SENATE_MARK,NIH funding in Senate Appropriations LHHS bill,Academic & government,leading,3-6 qtrs,higher = bullish,annual,USD_bn,Senate LHHS bill,Senate Appropriations Committee,https://www.appropriations.senate.gov/,free,As above.,curated
ACAD_NIH_TERMINATED_N,NIH grants terminated or frozen (cumulative count),Academic & government,leading,0-2 qtrs,lower = bullish,irregular,count,Grant Witness / JAMA / PNAS,Grant Witness and peer-reviewed studies,https://grantwitness.org/,free,Terminations cut active lab budgets immediately; reinstatements reverse it.,curated
ACAD_NIH_TERMINATED_USD,NIH grant value terminated or frozen,Academic & government,leading,0-2 qtrs,lower = bullish,irregular,USD_bn,Grant Witness / PNAS,Grant Witness and peer-reviewed studies,https://grantwitness.org/,free,Methods differ (total award value vs unspent vs net of reinstatements); see notes.,curated
ACAD_NSF_ENACTED,NSF enacted budget (federal FY),Academic & government,leading,3-6 qtrs,higher = bullish,annual,USD_bn,NSF budget requests,NSF,https://www.nsf.gov/about/budget,free,Physical and life sciences instrumentation outside NIH. GAP: not yet collected.,curated
ACAD_NIH_NEW_AWARDS_N,NIH new (Type 1) awards by Notice of Award month: count,Academic & government,leading,1-3 qtrs,higher = bullish,monthly,count,"RePORTER API: award_types=[1], award_notice_date",NIH RePORTER API,https://api.reporter.nih.gov/,free,New grants fund new lab set-ups; the award pace is the first place appropriation changes show up.,auto
ACAD_NIH_NEW_AWARDS_USD,NIH new (Type 1) awards by Notice of Award month: dollars,Academic & government,leading,1-3 qtrs,higher = bullish,monthly,USD_mn,"RePORTER API: award_types=[1], award_notice_date",NIH RePORTER API,https://api.reporter.nih.gov/,free,As above; watch for multi-year up-front funding distorting $ per award.,auto
ACAD_NIH_S10_N,NIH S10 shared/high-end instrumentation awards: count,Academic & government,leading,1-4 qtrs,higher = bullish,monthly,count,RePORTER API: activity_codes=[S10],NIH RePORTER API,https://api.reporter.nih.gov/,free,S10 awards are earmarked to buy instruments ($50k-$2M+): the most direct academic instrument-order signal.,auto
ACAD_NIH_S10_USD,NIH S10 shared/high-end instrumentation awards: dollars,Academic & government,leading,1-4 qtrs,higher = bullish,monthly,USD_mn,RePORTER API: activity_codes=[S10],NIH RePORTER API,https://api.reporter.nih.gov/,free,See above.,auto
BIO_BELOW_CASH,Public biotechs trading below cash (count),Biotech capital,leading,1-3 qtrs,lower = bullish,irregular,count,Sell-side / press,Various,https://www.biopharmadive.com/,free,Distress gauge: below-cash companies cut R&D. GAP: not yet collected.,curated
BIO_FOLLOWON_COUNT_DEALFORMA_FO,"Public biotech follow-on / PIPE deals (count), DealForma, follow-ons only (global) [quarterly]",Biotech capital,leading,1-3 qtrs,higher = bullish,quarterly,count,Publisher reports; see source_url per row,"DealForma, follow-ons only (global)",https://dealforma.com/,free summaries,As above.,curated
BIO_FOLLOWON_COUNT_DEALFORMA_FO_H,"Public biotech follow-on / PIPE deals (count), DealForma, follow-ons only (global) [half-year]",Biotech capital,leading,1-3 qtrs,higher = bullish,half-year,count,Publisher reports; see source_url per row,"DealForma, follow-ons only (global)",https://dealforma.com/,free summaries,As above.,curated
BIO_FOLLOWON_COUNT_DEALFORMA_PIPE,"Public biotech follow-on / PIPE deals (count), DealForma, PIPEs only (global) [quarterly]",Biotech capital,leading,1-3 qtrs,higher = bullish,quarterly,count,Publisher reports; see source_url per row,"DealForma, PIPEs only (global)",https://dealforma.com/,free summaries,As above.,curated
BIO_FOLLOWON_USD_BIOCENTURY,"Public biotech follow-on / PIPE financing ($), BioCentury [weekly snapshot]",Biotech capital,leading,1-3 qtrs,higher = bullish,weekly snapshot,USD_bn,Publisher reports; see source_url per row,BioCentury,https://www.biocentury.com/,paid,The fastest-moving funding channel for public small/mid-cap biotechs.,curated
BIO_FOLLOWON_USD_DEALFORMA_ALL_H,"Public biotech follow-on / PIPE financing ($), DealForma, all public equity (scope low confidence) [half-year]",Biotech capital,leading,1-3 qtrs,higher = bullish,half-year,USD_bn,Publisher reports; see source_url per row,"DealForma, all public equity (scope low confidence)",https://dealforma.com/,free summaries,The fastest-moving funding channel for public small/mid-cap biotechs.,curated
BIO_FOLLOWON_USD_DEALFORMA_FO,"Public biotech follow-on / PIPE financing ($), DealForma, follow-ons only (global) [quarterly]",Biotech capital,leading,1-3 qtrs,higher = bullish,quarterly,USD_bn,Publisher reports; see source_url per row,"DealForma, follow-ons only (global)",https://dealforma.com/,free summaries,The fastest-moving funding channel for public small/mid-cap biotechs.,curated
BIO_FOLLOWON_USD_DEALFORMA_FO_H,"Public biotech follow-on / PIPE financing ($), DealForma, follow-ons only (global) [half-year]",Biotech capital,leading,1-3 qtrs,higher = bullish,half-year,USD_bn,Publisher reports; see source_url per row,"DealForma, follow-ons only (global)",https://dealforma.com/,free summaries,The fastest-moving funding channel for public small/mid-cap biotechs.,curated
BIO_FOLLOWON_USD_DEALFORMA_PIPE,"Public biotech follow-on / PIPE financing ($), DealForma, PIPEs only (global) [quarterly]",Biotech capital,leading,1-3 qtrs,higher = bullish,quarterly,USD_bn,Publisher reports; see source_url per row,"DealForma, PIPEs only (global)",https://dealforma.com/,free summaries,The fastest-moving funding channel for public small/mid-cap biotechs.,curated
BIO_IPO_COUNT_BIOBUCKS_YTD,"Biotech IPOs (count), BioBucks IPO tracker [year to date]",Biotech capital,leading,1-3 qtrs,higher = bullish,year to date,count,Publisher reports; see source_url per row,BioBucks IPO tracker,https://www.biobucks.co/biotech-ipo-tracker-2026,free,"Open IPO window = cash to public small caps, which spend it on R&D within a few quarters; also lets VCs recycle capital.",curated
BIO_IPO_COUNT_BIOSPACE_FY,"Biotech IPOs (count), BioSpace [annual]",Biotech capital,leading,1-3 qtrs,higher = bullish,annual,count,Publisher reports; see source_url per row,BioSpace,https://www.biospace.com/,free,"Open IPO window = cash to public small caps, which spend it on R&D within a few quarters; also lets VCs recycle capital.",curated
BIO_IPO_COUNT_BPDIVE,"Biotech IPOs (count), BioPharma Dive [quarterly]",Biotech capital,leading,1-3 qtrs,higher = bullish,quarterly,count,Publisher reports; see source_url per row,BioPharma Dive,https://www.biopharmadive.com/,free,"Open IPO window = cash to public small caps, which spend it on R&D within a few quarters; also lets VCs recycle capital.",curated
BIO_IPO_COUNT_BPDIVE_FY,"Biotech IPOs (count), BioPharma Dive [annual]",Biotech capital,leading,1-3 qtrs,higher = bullish,annual,count,Publisher reports; see source_url per row,BioPharma Dive,https://www.biopharmadive.com/,free,"Open IPO window = cash to public small caps, which spend it on R&D within a few quarters; also lets VCs recycle capital.",curated
BIO_IPO_COUNT_BPDIVE_YTD,"Biotech IPOs (count), BioPharma Dive [year to date]",Biotech capital,leading,1-3 qtrs,higher = bullish,year to date,count,Publisher reports; see source_url per row,BioPharma Dive,https://www.biopharmadive.com/,free,"Open IPO window = cash to public small caps, which spend it on R&D within a few quarters; also lets VCs recycle capital.",curated
BIO_IPO_COUNT_BPIQ_H,"Biotech IPOs (count), BPIQ [half-year]",Biotech capital,leading,1-3 qtrs,higher = bullish,half-year,count,Publisher reports; see source_url per row,BPIQ,https://www.bpiq.com/,free,"Open IPO window = cash to public small caps, which spend it on R&D within a few quarters; also lets VCs recycle capital.",curated
BIO_IPO_COUNT_DEALFORMA,"Biotech IPOs (count), DealForma (global therapeutics & platforms) [quarterly]",Biotech capital,leading,1-3 qtrs,higher = bullish,quarterly,count,Publisher reports; see source_url per row,DealForma (global therapeutics & platforms),https://dealforma.com/,free summaries,"Open IPO window = cash to public small caps, which spend it on R&D within a few quarters; also lets VCs recycle capital.",curated
BIO_IPO_COUNT_DEALFORMA_H,"Biotech IPOs (count), DealForma (global therapeutics & platforms) [half-year]",Biotech capital,leading,1-3 qtrs,higher = bullish,half-year,count,Publisher reports; see source_url per row,DealForma (global therapeutics & platforms),https://dealforma.com/,free summaries,"Open IPO window = cash to public small caps, which spend it on R&D within a few quarters; also lets VCs recycle capital.",curated
BIO_IPO_COUNT_GLOBALDATA_FY,"Biotech IPOs (count), GlobalData (global) [annual]",Biotech capital,leading,1-3 qtrs,higher = bullish,annual,count,Publisher reports; see source_url per row,GlobalData (global),https://www.globaldata.com/,paid (headlines free),"Open IPO window = cash to public small caps, which spend it on R&D within a few quarters; also lets VCs recycle capital.",curated
BIO_IPO_COUNT_HSBC_H,"Biotech IPOs (count), HSBC Innovation Banking [half-year]",Biotech capital,leading,1-3 qtrs,higher = bullish,half-year,count,Publisher reports; see source_url per row,HSBC Innovation Banking,https://www.hsbcinnovationbanking.com/us/en/resources,free,"Open IPO window = cash to public small caps, which spend it on R&D within a few quarters; also lets VCs recycle capital.",curated
BIO_IPO_COUNT_NASDAQNYSE_FY,"Biotech IPOs (count), Nasdaq+NYSE biopharma IPOs (attribution unverified) [annual]",Biotech capital,leading,1-3 qtrs,higher = bullish,annual,count,Publisher reports; see source_url per row,Nasdaq+NYSE biopharma IPOs (attribution unverified),https://dealforma.com/,free summaries,"Open IPO window = cash to public small caps, which spend it on R&D within a few quarters; also lets VCs recycle capital.",curated
BIO_IPO_COUNT_PITCHBOOK,"Biotech IPOs (count), PitchBook [quarterly]",Biotech capital,leading,1-3 qtrs,higher = bullish,quarterly,count,Publisher reports; see source_url per row,PitchBook,https://pitchbook.com/news/reports,paid (headlines free),"Open IPO window = cash to public small caps, which spend it on R&D within a few quarters; also lets VCs recycle capital.",curated
BIO_IPO_COUNT_UNATTRIB_YTD,"Biotech IPOs (count), Unattributed search summary (low confidence) [year to date]",Biotech capital,leading,1-3 qtrs,higher = bullish,year to date,count,Publisher reports; see source_url per row,Unattributed search summary (low confidence),https://www.biopharmadive.com/,n/a,"Open IPO window = cash to public small caps, which spend it on R&D within a few quarters; also lets VCs recycle capital.",curated
BIO_IPO_MEDIAN_USD_HSBC_FY,"Median biotech IPO size, HSBC Innovation Banking [annual]",Biotech capital,context,n/a,context,annual,USD_mn,Publisher reports; see source_url per row,HSBC Innovation Banking,https://www.hsbcinnovationbanking.com/us/en/resources,free,Deal size; large IPOs skew to clinical-stage companies.,curated
BIO_IPO_MEDIAN_USD_HSBC_H,"Median biotech IPO size, HSBC Innovation Banking [half-year]",Biotech capital,context,n/a,context,half-year,USD_mn,Publisher reports; see source_url per row,HSBC Innovation Banking,https://www.hsbcinnovationbanking.com/us/en/resources,free,Deal size; large IPOs skew to clinical-stage companies.,curated
BIO_IPO_USD_BIOBUCKS_YTD,"Biotech IPO proceeds ($), BioBucks IPO tracker [year to date]",Biotech capital,leading,1-3 qtrs,higher = bullish,year to date,USD_bn,Publisher reports; see source_url per row,BioBucks IPO tracker,https://www.biobucks.co/biotech-ipo-tracker-2026,free,As above.,curated
BIO_IPO_USD_BPDIVE,"Biotech IPO proceeds ($), BioPharma Dive [quarterly]",Biotech capital,leading,1-3 qtrs,higher = bullish,quarterly,USD_bn,Publisher reports; see source_url per row,BioPharma Dive,https://www.biopharmadive.com/,free,As above.,curated
BIO_IPO_USD_BPDIVE_FY,"Biotech IPO proceeds ($), BioPharma Dive [annual]",Biotech capital,leading,1-3 qtrs,higher = bullish,annual,USD_bn,Publisher reports; see source_url per row,BioPharma Dive,https://www.biopharmadive.com/,free,As above.,curated
BIO_IPO_USD_DEALFORMA,"Biotech IPO proceeds ($), DealForma (global therapeutics & platforms) [quarterly]",Biotech capital,leading,1-3 qtrs,higher = bullish,quarterly,USD_bn,Publisher reports; see source_url per row,DealForma (global therapeutics & platforms),https://dealforma.com/,free summaries,As above.,curated
BIO_IPO_USD_DEALFORMA_H,"Biotech IPO proceeds ($), DealForma (global therapeutics & platforms) [half-year]",Biotech capital,leading,1-3 qtrs,higher = bullish,half-year,USD_bn,Publisher reports; see source_url per row,DealForma (global therapeutics & platforms),https://dealforma.com/,free summaries,As above.,curated
BIO_IPO_USD_GLOBALDATA_FY,"Biotech IPO proceeds ($), GlobalData (global) [annual]",Biotech capital,leading,1-3 qtrs,higher = bullish,annual,USD_bn,Publisher reports; see source_url per row,GlobalData (global),https://www.globaldata.com/,paid (headlines free),As above.,curated
BIO_IPO_USD_NASDAQNYSE_FY,"Biotech IPO proceeds ($), Nasdaq+NYSE biopharma IPOs (attribution unverified) [annual]",Biotech capital,leading,1-3 qtrs,higher = bullish,annual,USD_bn,Publisher reports; see source_url per row,Nasdaq+NYSE biopharma IPOs (attribution unverified),https://dealforma.com/,free summaries,As above.,curated
BIO_LAB_VACANCY_BOS_CBRE,Life-science lab vacancy rate: Greater Boston (CBRE) [quarterly],Biotech capital,coincident,0 (leads lab fit-out capex),lower = bullish,quarterly,pct,Publisher reports; see source_url per row,CBRE,https://www.cbre.com/insights/figures,free,"Falling vacancy means new lab fit-outs, which bring whole instrument suites.",curated
BIO_LAB_VACANCY_BOS_ECAMBRIDGE,"Life-science lab vacancy rate: Greater Boston (CBRE or LPC, East Cambridge submarket (attribution unverified)) [quarterly]",Biotech capital,coincident,0 (leads lab fit-out capex),lower = bullish,quarterly,pct,Publisher reports; see source_url per row,"CBRE or LPC, East Cambridge submarket (attribution unverified)",https://www.cbre.com/insights/figures,free,"Falling vacancy means new lab fit-outs, which bring whole instrument suites.",curated
BIO_LAB_VACANCY_SD,San Diego life-science lab vacancy rate,Biotech capital,coincident,0 (leads lab fit-out capex),lower = bullish,quarterly,pct,Broker quarterly reports,CBRE / JLL / Newmark,https://www.cbre.com/insights/figures,free,Third-largest US cluster. GAP: not yet collected.,curated
BIO_LAB_VACANCY_SF_CBRE,Life-science lab vacancy rate: SF Bay Area (CBRE) [quarterly],Biotech capital,coincident,0 (leads lab fit-out capex),lower = bullish,quarterly,pct,Publisher reports; see source_url per row,CBRE,https://www.cbre.com/insights/figures,free,"Falling vacancy means new lab fit-outs, which bring whole instrument suites.",curated
BIO_LAB_VACANCY_SF_SAVILLS,Life-science lab vacancy rate: SF Bay Area (Savills) [quarterly],Biotech capital,coincident,0 (leads lab fit-out capex),lower = bullish,quarterly,pct,Publisher reports; see source_url per row,Savills,https://www.savills.us/,free,"Falling vacancy means new lab fit-outs, which bring whole instrument suites.",curated
BIO_LAB_VACANCY_US_CBRE,Life-science lab vacancy rate: US top markets (CBRE) [quarterly],Biotech capital,coincident,0 (leads lab fit-out capex),lower = bullish,quarterly,pct,Publisher reports; see source_url per row,CBRE,https://www.cbre.com/insights/figures,free,"Falling vacancy means new lab fit-outs, which bring whole instrument suites.",curated
BIO_LAB_VACANCY_US_CBRE_FCST,Life-science lab vacancy rate: US top markets (CBRE) [forecast],Biotech capital,context,0 (leads lab fit-out capex),context (forecast),forecast,pct,Publisher reports; see source_url per row,CBRE,https://www.cbre.com/insights/figures,free,"Falling vacancy means new lab fit-outs, which bring whole instrument suites.",curated
BIO_LAB_VACANCY_US_JLL,Life-science lab vacancy rate: US top markets (JLL) [quarterly],Biotech capital,coincident,0 (leads lab fit-out capex),lower = bullish,quarterly,pct,Publisher reports; see source_url per row,JLL,https://www.us.jll.com/en/trends-and-insights/research,free,"Falling vacancy means new lab fit-outs, which bring whole instrument suites.",curated
BIO_LAYOFFS_FIERCE,"Biotech layoff rounds (count), Fierce Biotech layoff tracker [quarterly]",Biotech capital,leading,0-2 qtrs,lower = bullish,quarterly,count,Publisher reports; see source_url per row,Fierce Biotech layoff tracker,https://www.fiercebiotech.com/biotech/fierce-biotech-layoff-tracker,free,Layoffs cut bench headcount and consumables pull-through almost immediately.,curated
BIO_LAYOFFS_FIERCE_FY,"Biotech layoff rounds (count), Fierce Biotech layoff tracker [annual]",Biotech capital,leading,0-2 qtrs,lower = bullish,annual,count,Publisher reports; see source_url per row,Fierce Biotech layoff tracker,https://www.fiercebiotech.com/biotech/fierce-biotech-layoff-tracker,free,Layoffs cut bench headcount and consumables pull-through almost immediately.,curated
BIO_LAYOFFS_FIERCE_H,"Biotech layoff rounds (count), Fierce Biotech layoff tracker [half-year]",Biotech capital,leading,0-2 qtrs,lower = bullish,half-year,count,Publisher reports; see source_url per row,Fierce Biotech layoff tracker,https://www.fiercebiotech.com/biotech/fierce-biotech-layoff-tracker,free,Layoffs cut bench headcount and consumables pull-through almost immediately.,curated
BIO_MA_COUNT_HSBC_H,"VC-backed biopharma acquisitions (count), HSBC Innovation Banking [half-year]",Biotech capital,context,n/a,context,half-year,count,Publisher reports; see source_url per row,HSBC Innovation Banking,https://www.hsbcinnovationbanking.com/us/en/resources,free,As above.,curated
BIO_MA_MEDIAN_UPFRONT_HSBC_H,"Median upfront in VC-backed biopharma acquisitions, HSBC Innovation Banking [half-year]",Biotech capital,context,n/a,context,half-year,USD_mn,Publisher reports; see source_url per row,HSBC Innovation Banking,https://www.hsbcinnovationbanking.com/us/en/resources,free,Valuation signal for early-stage assets.,curated
BIO_MA_USD_CNBC_YTD,"Biopharma M&A deal value, CNBC [year to date]",Biotech capital,context,n/a,context (capital recycling vs. pipeline consolidation),year to date,USD_bn,Publisher reports; see source_url per row,CNBC,https://www.cnbc.com/,free,"Recycles capital to investors, but acquired programs often get consolidated and cut.",curated
BIO_MA_USD_IQVIA_FCST,"Biopharma M&A deal value, IQVIA (forecast) [forecast]",Biotech capital,context,n/a,context (forecast),forecast,USD_bn,Publisher reports; see source_url per row,IQVIA (forecast),https://www.iqvia.com/,paid (headlines free),"Recycles capital to investors, but acquired programs often get consolidated and cut.",curated
BIO_MA_USD_PITCHBOOK_VCEXITS,VC-backed biopharma exit value (M&A + IPO) (PitchBook) [quarterly],Biotech capital,leading,4-8 qtrs,higher = bullish,quarterly,USD_bn,Publisher reports; see source_url per row,PitchBook,https://pitchbook.com/news/reports,paid (headlines free),"Exits return capital to VCs, who recycle it into new companies.",curated
BIO_MA_USD_UNATTRIB,"Biopharma M&A deal value, Unattributed search summary (low confidence) [quarterly]",Biotech capital,context,n/a,context (capital recycling vs. pipeline consolidation),quarterly,USD_bn,Publisher reports; see source_url per row,Unattributed search summary (low confidence),https://www.biopharmadive.com/,n/a,"Recycles capital to investors, but acquired programs often get consolidated and cut.",curated
BIO_MA_USD_UNATTRIB_H,"Biopharma M&A deal value, Unattributed search summary (low confidence) [half-year]",Biotech capital,context,n/a,context (capital recycling vs. pipeline consolidation),half-year,USD_bn,Publisher reports; see source_url per row,Unattributed search summary (low confidence),https://www.biopharmadive.com/,n/a,"Recycles capital to investors, but acquired programs often get consolidated and cut.",curated
BIO_VC_DEALS_BPDIVE_H,"Biopharma venture deals (count), BioPharma Dive [half-year]",Biotech capital,leading,2-4 qtrs,higher = bullish,half-year,count,Publisher reports; see source_url per row,BioPharma Dive,https://www.biopharmadive.com/,free,Deal count tracks the number of funded companies (labs) better than dollars skewed by megarounds.,curated
BIO_VC_DEALS_DEALFORMA,"Biopharma venture deals (count), DealForma (global therapeutics & platforms) [quarterly]",Biotech capital,leading,2-4 qtrs,higher = bullish,quarterly,count,Publisher reports; see source_url per row,DealForma (global therapeutics & platforms),https://dealforma.com/,free summaries,Deal count tracks the number of funded companies (labs) better than dollars skewed by megarounds.,curated
BIO_VC_DEALS_DEALFORMA_H,"Biopharma venture deals (count), DealForma (global therapeutics & platforms) [half-year]",Biotech capital,leading,2-4 qtrs,higher = bullish,half-year,count,Publisher reports; see source_url per row,DealForma (global therapeutics & platforms),https://dealforma.com/,free summaries,Deal count tracks the number of funded companies (labs) better than dollars skewed by megarounds.,curated
BIO_VC_DEALS_HSBC_H,"Biopharma venture deals (count), HSBC Innovation Banking [half-year]",Biotech capital,leading,2-4 qtrs,higher = bullish,half-year,count,Publisher reports; see source_url per row,HSBC Innovation Banking,https://www.hsbcinnovationbanking.com/us/en/resources,free,Deal count tracks the number of funded companies (labs) better than dollars skewed by megarounds.,curated
BIO_VC_DEALS_HSBC_HC_FY,"Biopharma venture deals (count), HSBC Innovation Banking (all healthcare) [annual]",Biotech capital,leading,2-4 qtrs,higher = bullish,annual,count,Publisher reports; see source_url per row,HSBC Innovation Banking (all healthcare),https://www.hsbcinnovationbanking.com/us/en/resources,free,Deal count tracks the number of funded companies (labs) better than dollars skewed by megarounds.,curated
BIO_VC_DEALS_PITCHBOOK,"Biopharma venture deals (count), PitchBook [quarterly]",Biotech capital,leading,2-4 qtrs,higher = bullish,quarterly,count,Publisher reports; see source_url per row,PitchBook,https://pitchbook.com/news/reports,paid (headlines free),Deal count tracks the number of funded companies (labs) better than dollars skewed by megarounds.,curated
BIO_VC_DEALS_PITCHBOOK_FY,"Biopharma venture deals (count), PitchBook [annual]",Biotech capital,leading,2-4 qtrs,higher = bullish,annual,count,Publisher reports; see source_url per row,PitchBook,https://pitchbook.com/news/reports,paid (headlines free),Deal count tracks the number of funded companies (labs) better than dollars skewed by megarounds.,curated
BIO_VC_EARLYSTAGE_MEDIAN_PITCHBOOK_FY,"Median early-stage biopharma VC deal size, PitchBook [annual]",Biotech capital,context,n/a,context,annual,USD_mn,Publisher reports; see source_url per row,PitchBook,https://pitchbook.com/news/reports,paid (headlines free),Round size per company.,curated
BIO_VC_EARLYSTAGE_SHARE_PITCHBOOK_FY,"Early-stage share of biopharma VC dollars, PitchBook [annual]",Biotech capital,leading,3-6 qtrs,higher = bullish,annual,pct,Publisher reports; see source_url per row,PitchBook,https://pitchbook.com/news/reports,paid (headlines free),As above.,curated
BIO_VC_SEED_DEAL_SHARE_PITCHBOOK,"Seed share of biopharma VC deals, PitchBook [quarterly]",Biotech capital,leading,3-6 qtrs,higher = bullish,quarterly,pct,Publisher reports; see source_url per row,PitchBook,https://pitchbook.com/news/reports,paid (headlines free),Seed/early companies are the most preclinical-heavy spenders per dollar.,curated
BIO_VC_USD_BPDIVE_H,"Biopharma venture funding ($), BioPharma Dive [half-year]",Biotech capital,leading,2-4 qtrs,higher = bullish,half-year,USD_bn,Publisher reports; see source_url per row,BioPharma Dive,https://www.biopharmadive.com/,free,Private rounds fund hiring and lab set-up; the classic 2-4 quarter lead into biotech tools orders.,curated
BIO_VC_USD_DEALFORMA,"Biopharma venture funding ($), DealForma (global therapeutics & platforms) [quarterly]",Biotech capital,leading,2-4 qtrs,higher = bullish,quarterly,USD_bn,Publisher reports; see source_url per row,DealForma (global therapeutics & platforms),https://dealforma.com/,free summaries,Private rounds fund hiring and lab set-up; the classic 2-4 quarter lead into biotech tools orders.,curated
BIO_VC_USD_DEALFORMA_H,"Biopharma venture funding ($), DealForma (global therapeutics & platforms) [half-year]",Biotech capital,leading,2-4 qtrs,higher = bullish,half-year,USD_bn,Publisher reports; see source_url per row,DealForma (global therapeutics & platforms),https://dealforma.com/,free summaries,Private rounds fund hiring and lab set-up; the classic 2-4 quarter lead into biotech tools orders.,curated
BIO_VC_USD_HSBC,"Biopharma venture funding ($), HSBC Innovation Banking [quarterly]",Biotech capital,leading,2-4 qtrs,higher = bullish,quarterly,USD_bn,Publisher reports; see source_url per row,HSBC Innovation Banking,https://www.hsbcinnovationbanking.com/us/en/resources,free,Private rounds fund hiring and lab set-up; the classic 2-4 quarter lead into biotech tools orders.,curated
BIO_VC_USD_HSBC_FY,"Biopharma venture funding ($), HSBC Innovation Banking [annual]",Biotech capital,leading,2-4 qtrs,higher = bullish,annual,USD_bn,Publisher reports; see source_url per row,HSBC Innovation Banking,https://www.hsbcinnovationbanking.com/us/en/resources,free,Private rounds fund hiring and lab set-up; the classic 2-4 quarter lead into biotech tools orders.,curated
BIO_VC_USD_HSBC_H,"Biopharma venture funding ($), HSBC Innovation Banking [half-year]",Biotech capital,leading,2-4 qtrs,higher = bullish,half-year,USD_bn,Publisher reports; see source_url per row,HSBC Innovation Banking,https://www.hsbcinnovationbanking.com/us/en/resources,free,Private rounds fund hiring and lab set-up; the classic 2-4 quarter lead into biotech tools orders.,curated
BIO_VC_USD_HSBC_HC_FCST,"Biopharma venture funding ($), HSBC Innovation Banking (all healthcare) [forecast]",Biotech capital,context,2-4 qtrs,context (forecast),forecast,USD_bn,Publisher reports; see source_url per row,HSBC Innovation Banking (all healthcare),https://www.hsbcinnovationbanking.com/us/en/resources,free,Private rounds fund hiring and lab set-up; the classic 2-4 quarter lead into biotech tools orders.,curated
BIO_VC_USD_HSBC_HC_FY,"Biopharma venture funding ($), HSBC Innovation Banking (all healthcare) [annual]",Biotech capital,leading,2-4 qtrs,higher = bullish,annual,USD_bn,Publisher reports; see source_url per row,HSBC Innovation Banking (all healthcare),https://www.hsbcinnovationbanking.com/us/en/resources,free,Private rounds fund hiring and lab set-up; the classic 2-4 quarter lead into biotech tools orders.,curated
BIO_VC_USD_PITCHBOOK,"Biopharma venture funding ($), PitchBook [quarterly]",Biotech capital,leading,2-4 qtrs,higher = bullish,quarterly,USD_bn,Publisher reports; see source_url per row,PitchBook,https://pitchbook.com/news/reports,paid (headlines free),Private rounds fund hiring and lab set-up; the classic 2-4 quarter lead into biotech tools orders.,curated
BIO_VC_USD_PITCHBOOK_FY,"Biopharma venture funding ($), PitchBook [annual]",Biotech capital,leading,2-4 qtrs,higher = bullish,annual,USD_bn,Publisher reports; see source_url per row,PitchBook,https://pitchbook.com/news/reports,paid (headlines free),Private rounds fund hiring and lab set-up; the classic 2-4 quarter lead into biotech tools orders.,curated
BIO_VC_USD_SYNBIOBETA,"Biopharma venture funding ($), SynBioBeta (broad biotech; low confidence, not comparable) [quarterly]",Biotech capital,leading,2-4 qtrs,higher = bullish,quarterly,USD_bn,Publisher reports; see source_url per row,"SynBioBeta (broad biotech; low confidence, not comparable)",https://www.synbiobeta.com/,free,Private rounds fund hiring and lab set-up; the classic 2-4 quarter lead into biotech tools orders.,curated
BIO_XBI_LEVEL,XBI closing price (StockAnalysis) [daily snapshot],Biotech capital,leading,1-3 qtrs,higher = bullish,daily snapshot,price_usd,Publisher reports; see source_url per row,StockAnalysis,https://stockanalysis.com/etf/xbi/,free,As above.,curated
BIO_XBI_REF_LEVEL,"XBI reference levels (52-week high/low, 2021 high) (StockAnalysis) [quarterly]",Biotech capital,context,n/a,context,quarterly,price_usd,Publisher reports; see source_url per row,StockAnalysis,https://stockanalysis.com/etf/xbi/,free,Context for the current level.,curated
BIO_XBI_RETURN_FY,XBI (S&P Biotech ETF) return (FinanceCharts / YCharts / StockAnalysis) [annual],Biotech capital,leading,1-3 qtrs,higher = bullish,annual,pct,Publisher reports; see source_url per row,FinanceCharts / YCharts / StockAnalysis,https://www.ssga.com/us/en/intermediary/etfs/spdr-sp-biotech-etf-xbi,free,"Biotech equity prices lead financing windows (follow-ons, IPOs) by about a quarter.",curated
BIO_XBI_RETURN_TTM,XBI (S&P Biotech ETF) return (FinanceCharts / YCharts / StockAnalysis) [trailing 12 months],Biotech capital,leading,1-3 qtrs,higher = bullish,trailing 12 months,pct,Publisher reports; see source_url per row,FinanceCharts / YCharts / StockAnalysis,https://www.ssga.com/us/en/intermediary/etfs/spdr-sp-biotech-etf-xbi,free,"Biotech equity prices lead financing windows (follow-ons, IPOs) by about a quarter.",curated
BIO_XBI_RETURN_YTD,XBI (S&P Biotech ETF) return (FinanceCharts / YCharts / StockAnalysis) [year to date],Biotech capital,leading,1-3 qtrs,higher = bullish,year to date,pct,Publisher reports; see source_url per row,FinanceCharts / YCharts / StockAnalysis,https://www.ssga.com/us/en/intermediary/etfs/spdr-sp-biotech-etf-xbi,free,"Biotech equity prices lead financing windows (follow-ons, IPOs) by about a quarter.",curated
BIO_FORMD_N,SEC Form D new notices: US biotech & pharma issuers (count),Biotech capital,leading,2-4 qtrs,higher = bullish,quarterly,count,"SEC Form D data sets: industryGroupType in {Biotechnology, Pharmaceuticals}",SEC Form D data sets,https://www.sec.gov/data-research/sec-markets-data/form-d-data-sets,free,"Free, complete proxy for private biotech rounds (VC databases are paywalled).",auto
BIO_FORMD_USD,SEC Form D new notices: US biotech & pharma issuers (amount sold),Biotech capital,leading,2-4 qtrs,higher = bullish,quarterly,USD_bn,SEC Form D data sets: totalAmountSold,SEC Form D data sets,https://www.sec.gov/data-research/sec-markets-data/form-d-data-sets,free,"Dollars raised privately; lumpy, so read it as a 4-quarter sum.",auto
PHARMA_RD_PHRMA,PhRMA member company R&D investment,Pharma R&D,leading,2-4 qtrs,higher = bullish,annual,USD_bn,PhRMA annual membership survey,PhRMA,https://phrma.org/,free,Industry-wide R&D budget. GAP: not yet collected; quarterly company-level R&D comes from auto PHARMA_RD_*_Q.,curated
PHARMA_US_INVEST_PLEDGES,Big-pharma US manufacturing and R&D investment pledges (2025-26),Pharma R&D,structural,4-12 qtrs,higher = bullish,event,USD_bn,Company announcements,Company press releases,https://phrma.org/,free,"Tariff-driven onshoring; mostly bioprocess and manufacturing capex, with some new US R&D sites. GAP: not yet collected.",curated
PHARMA_RD_ABBV_Q,ABBV quarterly GAAP R&D expense (XBRL),Pharma R&D,leading,2-4 qtrs,higher = bullish,quarterly,USD_mn,SEC XBRL companyconcept us-gaap/ResearchAndDevelopmentExpense,SEC EDGAR XBRL API,https://www.sec.gov/edgar/sec-api-documentation,free,Big-pharma R&D budgets fund internal discovery labs and outsourced preclinical work; includes lumpy acquired IPR&D for some filers.,auto
PHARMA_RD_AMGN_Q,AMGN quarterly GAAP R&D expense (XBRL),Pharma R&D,leading,2-4 qtrs,higher = bullish,quarterly,USD_mn,SEC XBRL companyconcept us-gaap/ResearchAndDevelopmentExpense,SEC EDGAR XBRL API,https://www.sec.gov/edgar/sec-api-documentation,free,Big-pharma R&D budgets fund internal discovery labs and outsourced preclinical work; includes lumpy acquired IPR&D for some filers.,auto
PHARMA_RD_BMY_Q,BMY quarterly GAAP R&D expense (XBRL),Pharma R&D,leading,2-4 qtrs,higher = bullish,quarterly,USD_mn,SEC XBRL companyconcept us-gaap/ResearchAndDevelopmentExpense,SEC EDGAR XBRL API,https://www.sec.gov/edgar/sec-api-documentation,free,Big-pharma R&D budgets fund internal discovery labs and outsourced preclinical work; includes lumpy acquired IPR&D for some filers.,auto
PHARMA_RD_GILD_Q,GILD quarterly GAAP R&D expense (XBRL),Pharma R&D,leading,2-4 qtrs,higher = bullish,quarterly,USD_mn,SEC XBRL companyconcept us-gaap/ResearchAndDevelopmentExpense,SEC EDGAR XBRL API,https://www.sec.gov/edgar/sec-api-documentation,free,Big-pharma R&D budgets fund internal discovery labs and outsourced preclinical work; includes lumpy acquired IPR&D for some filers.,auto
PHARMA_RD_JNJ_Q,JNJ quarterly GAAP R&D expense (XBRL),Pharma R&D,leading,2-4 qtrs,higher = bullish,quarterly,USD_mn,SEC XBRL companyconcept us-gaap/ResearchAndDevelopmentExpense,SEC EDGAR XBRL API,https://www.sec.gov/edgar/sec-api-documentation,free,Big-pharma R&D budgets fund internal discovery labs and outsourced preclinical work; includes lumpy acquired IPR&D for some filers.,auto
PHARMA_RD_LLY_Q,LLY quarterly GAAP R&D expense (XBRL),Pharma R&D,leading,2-4 qtrs,higher = bullish,quarterly,USD_mn,SEC XBRL companyconcept us-gaap/ResearchAndDevelopmentExpense,SEC EDGAR XBRL API,https://www.sec.gov/edgar/sec-api-documentation,free,Big-pharma R&D budgets fund internal discovery labs and outsourced preclinical work; includes lumpy acquired IPR&D for some filers.,auto
PHARMA_RD_MRK_Q,MRK quarterly GAAP R&D expense (XBRL),Pharma R&D,leading,2-4 qtrs,higher = bullish,quarterly,USD_mn,SEC XBRL companyconcept us-gaap/ResearchAndDevelopmentExpense,SEC EDGAR XBRL API,https://www.sec.gov/edgar/sec-api-documentation,free,Big-pharma R&D budgets fund internal discovery labs and outsourced preclinical work; includes lumpy acquired IPR&D for some filers.,auto
PHARMA_RD_PFE_Q,PFE quarterly GAAP R&D expense (XBRL),Pharma R&D,leading,2-4 qtrs,higher = bullish,quarterly,USD_mn,SEC XBRL companyconcept us-gaap/ResearchAndDevelopmentExpense,SEC EDGAR XBRL API,https://www.sec.gov/edgar/sec-api-documentation,free,Big-pharma R&D budgets fund internal discovery labs and outsourced preclinical work; includes lumpy acquired IPR&D for some filers.,auto
PHARMA_RD_REGN_Q,REGN quarterly GAAP R&D expense (XBRL),Pharma R&D,leading,2-4 qtrs,higher = bullish,quarterly,USD_mn,SEC XBRL companyconcept us-gaap/ResearchAndDevelopmentExpense,SEC EDGAR XBRL API,https://www.sec.gov/edgar/sec-api-documentation,free,Big-pharma R&D budgets fund internal discovery labs and outsourced preclinical work; includes lumpy acquired IPR&D for some filers.,auto
PHARMA_RD_TOP10_Q_YOY,"Top-10 US pharma R&D expense, y/y growth (summed)",Pharma R&D,leading,2-4 qtrs,higher = bullish,quarterly,pct,derived from PHARMA_RD_*_Q,SEC EDGAR XBRL API (derived),https://www.sec.gov/edgar/sec-api-documentation,free,One-number read on big-pharma R&D budget momentum.,auto
PHARMA_RD_VRTX_Q,VRTX quarterly GAAP R&D expense (XBRL),Pharma R&D,leading,2-4 qtrs,higher = bullish,quarterly,USD_mn,SEC XBRL companyconcept us-gaap/ResearchAndDevelopmentExpense,SEC EDGAR XBRL API,https://www.sec.gov/edgar/sec-api-documentation,free,Big-pharma R&D budgets fund internal discovery labs and outsourced preclinical work; includes lumpy acquired IPR&D for some filers.,auto
CRO_COMMENTARY,"Preclinical CRO demand commentary (proposals, cancellations, client mix)",Preclinical CRO,leading,1-3 qtrs,context,quarterly,text,Earnings calls and conferences,Charles River Laboratories,https://ir.criver.com/,free,Proposal volume and cancellation trends lead bookings.,curated
CRO_CRL_DSA_BACKLOG,Charles River DSA backlog,Preclinical CRO,leading,1-4 qtrs,higher = bullish,quarterly,USD_bn,CRL earnings releases and calls,Charles River Laboratories,https://ir.criver.com/,free,"Committed preclinical work ahead; drives CRO consumption of research models, reagents and instruments.",curated
CRO_CRL_DSA_BTB,Charles River DSA net book-to-bill,Preclinical CRO,leading,2-4 qtrs,higher = bullish (>1 = backlog growing),quarterly,ratio,CRL earnings releases and calls,Charles River Laboratories,https://ir.criver.com/,free,The cleanest direct read on outsourced preclinical (discovery and safety assessment) demand from pharma and biotech.,curated
CRO_CRL_DSA_NET_BOOKINGS,Charles River DSA net bookings,Preclinical CRO,leading,2-4 qtrs,higher = bullish,quarterly,USD_mn,CRL earnings calls,Charles River Laboratories,https://ir.criver.com/,free,New preclinical orders net of cancellations.,curated
CRO_CRL_DSA_ORGANIC,Charles River DSA organic revenue growth y/y,Preclinical CRO,coincident,0,higher = bullish,quarterly,pct,CRL earnings releases,Charles River Laboratories,https://ir.criver.com/,free,Preclinical study volume and price now.,curated
CRO_CRL_DSA_ORGANIC_FY,"Charles River DSA organic revenue growth, full year",Preclinical CRO,coincident,0,higher = bullish,annual,pct,CRL earnings releases,Charles River Laboratories,https://ir.criver.com/,free,Annual version.,curated
CRO_CRL_GUIDANCE,Charles River full-year organic growth guidance,Preclinical CRO,leading,0-3 qtrs,higher = bullish,event (quarterly updates),pct,CRL earnings releases,Charles River Laboratories,https://ir.criver.com/,free,Management's forward view; value is the range midpoint and the latest update is listed first.,curated
CRO_CRL_RMS_ORGANIC,Charles River Research Models & Services organic growth y/y,Preclinical CRO,coincident,0,higher = bullish,quarterly,pct,CRL earnings releases,Charles River Laboratories,https://ir.criver.com/,free,"Research-model sales (rodents, NHPs) are themselves preclinical picks and shovels; academic-heavy in North America.",curated
CRO_CRL_TOTAL_ORGANIC,Charles River total organic revenue growth y/y,Preclinical CRO,coincident,0,higher = bullish,quarterly,pct,CRL earnings releases,Charles River Laboratories,https://ir.criver.com/,free,Company-wide preclinical services and products.,curated
CRO_CRL_TOTAL_ORGANIC_FY,"Charles River total organic revenue growth, full year",Preclinical CRO,coincident,0,higher = bullish,annual,pct,CRL earnings releases,Charles River Laboratories,https://ir.criver.com/,free,Annual version.,curated
CRO_INOTIV_BTB,Inotiv DSA book-to-bill,Preclinical CRO,leading,2-4 qtrs,higher = bullish,quarterly,ratio,Inotiv earnings releases,Inotiv,https://ir.inotiv.com/,free,"Smaller, US-centric preclinical CRO; a second opinion on CRL. GAP: not yet collected.",curated
TOOLS_AVTR_LAB,Avantor laboratory segment organic growth y/y,Tools vendors,coincident,0,higher = bullish,quarterly,pct,"Earnings releases, 8-K Ex.99.1, call transcripts",Avantor,https://ir.avantorsciences.com/,free,Lab products and consumables. GAP: not yet collected.,curated
TOOLS_A_ACADGOV,Agilent academic & government end-market growth,Tools vendors,coincident,0 (leads the vendor's next guide),higher = bullish,quarterly,pct,"Earnings releases, 8-K Ex.99.1, call transcripts",Agilent,https://www.investor.agilent.com/,free,Vendor-side read on NIH/NSF-funded demand. Mostly global and often qualitative; see value_text and notes.,curated
TOOLS_A_BTB,Agilent instrument book-to-bill / orders,Tools vendors,leading,1-2 qtrs,higher = bullish (>1 = orders exceed shipments),quarterly,ratio,"Earnings releases, 8-K Ex.99.1, call transcripts",Agilent,https://www.investor.agilent.com/,free,Orders lead instrument revenue.,curated
TOOLS_A_GUIDE,Agilent full-year organic/core growth guidance (midpoint),Tools vendors,leading,0-3 qtrs,higher = bullish,event (quarterly updates),pct,"Earnings releases, 8-K Ex.99.1, call transcripts",Agilent,https://www.investor.agilent.com/,free,Management's forward view; value_text keeps the guidance history.,curated
TOOLS_A_ORGANIC,Agilent organic/core revenue growth y/y,Tools vendors,coincident,0,higher = bullish,quarterly,pct,"Earnings releases, 8-K Ex.99.1, call transcripts",Agilent,https://www.investor.agilent.com/,free,Vendor-level demand now; the outcome that leading indicators should anticipate.,curated
TOOLS_A_PHARMA,Agilent pharma & biotech end-market growth,Tools vendors,coincident,0,higher = bullish,quarterly,pct,"Earnings releases, 8-K Ex.99.1, call transcripts",Agilent,https://www.investor.agilent.com/,free,Vendor-side read on biopharma R&D and QA/QC demand.,curated
TOOLS_BRKR_ACADGOV,Bruker academic & government end-market growth,Tools vendors,coincident,0 (leads the vendor's next guide),higher = bullish,quarterly,pct,"Earnings releases, 8-K Ex.99.1, call transcripts",Bruker,https://ir.bruker.com/,free,Vendor-side read on NIH/NSF-funded demand. Mostly global and often qualitative; see value_text and notes.,curated
TOOLS_BRKR_BOOKINGS,Bruker BSI bookings growth / book-to-bill,Tools vendors,leading,1-2 qtrs,higher = bullish,quarterly,pct,"Earnings releases, 8-K Ex.99.1, call transcripts",Bruker,https://ir.bruker.com/,free,"Bruker's high-end research instruments skew academic, so bookings are an early academic capex read.",curated
TOOLS_BRKR_BSI_ORGANIC,Bruker Bruker Scientific Instruments organic growth y/y,Tools vendors,coincident,0,higher = bullish,quarterly,pct,"Earnings releases, 8-K Ex.99.1, call transcripts",Bruker,https://ir.bruker.com/,free,High-end research instrument revenue.,curated
TOOLS_BRKR_GUIDE,Bruker full-year organic/core growth guidance (midpoint),Tools vendors,leading,0-3 qtrs,higher = bullish,event (quarterly updates),pct,"Earnings releases, 8-K Ex.99.1, call transcripts",Bruker,https://ir.bruker.com/,free,Management's forward view; value_text keeps the guidance history.,curated
TOOLS_BRKR_ORGANIC,Bruker organic/core revenue growth y/y,Tools vendors,coincident,0,higher = bullish,quarterly,pct,"Earnings releases, 8-K Ex.99.1, call transcripts",Bruker,https://ir.bruker.com/,free,Vendor-level demand now; the outcome that leading indicators should anticipate.,curated
TOOLS_BRKR_ORGANIC_FY,"Bruker organic/core revenue growth, full year",Tools vendors,coincident,0,higher = bullish,annual,pct,"Earnings releases, 8-K Ex.99.1, call transcripts",Bruker,https://ir.bruker.com/,free,Annual version.,curated
TOOLS_DHR_BIOPROCESS,Danaher bioprocessing core growth y/y,Tools vendors,coincident,0,higher = bullish,quarterly,pct,"Earnings releases, 8-K Ex.99.1, call transcripts",Danaher,https://investors.danaher.com/,free,"Downstream of preclinical, but shares customers and budgets.",curated
TOOLS_DHR_BIOPROCESS_ORDERS,Danaher bioprocessing orders growth y/y,Tools vendors,leading,1-3 qtrs,higher = bullish,quarterly,pct,"Earnings releases, 8-K Ex.99.1, call transcripts",Danaher,https://investors.danaher.com/,free,Orders lead revenue.,curated
TOOLS_DHR_CORE,Danaher total core revenue growth y/y,Tools vendors,coincident,0,higher = bullish,quarterly,pct,"Earnings releases, 8-K Ex.99.1, call transcripts",Danaher,https://investors.danaher.com/,free,Company-wide core growth.,curated
TOOLS_DHR_GUIDE,Danaher full-year organic/core growth guidance (midpoint),Tools vendors,leading,0-3 qtrs,higher = bullish,event (quarterly updates),pct,"Earnings releases, 8-K Ex.99.1, call transcripts",Danaher,https://investors.danaher.com/,free,Management's forward view; value_text keeps the guidance history.,curated
TOOLS_DHR_LS_CORE,Danaher Life Sciences segment core growth y/y,Tools vendors,coincident,0,higher = bullish,quarterly,pct,"Earnings releases, 8-K Ex.99.1, call transcripts",Danaher,https://investors.danaher.com/,free,Research tools segment.,curated
TOOLS_MTD_LAB,Mettler-Toledo laboratory segment organic growth y/y,Tools vendors,coincident,0,higher = bullish,quarterly,pct,"Earnings releases, 8-K Ex.99.1, call transcripts",Mettler-Toledo,https://investor.mt.com/,free,Lab products and consumables. GAP: not yet collected.,curated
TOOLS_RVTY_ACADGOV,Revvity academic & government end-market growth,Tools vendors,coincident,0 (leads the vendor's next guide),higher = bullish,quarterly,pct,"Earnings releases, 8-K Ex.99.1, call transcripts",Revvity,https://ir.revvity.com/,free,Vendor-side read on NIH/NSF-funded demand. Mostly global and often qualitative; see value_text and notes.,curated
TOOLS_RVTY_GUIDE,Revvity full-year organic/core growth guidance (midpoint),Tools vendors,leading,0-3 qtrs,higher = bullish,event (quarterly updates),pct,"Earnings releases, 8-K Ex.99.1, call transcripts",Revvity,https://ir.revvity.com/,free,Management's forward view; value_text keeps the guidance history.,curated
TOOLS_RVTY_LIFESCI,Revvity Life Sciences segment organic growth y/y,Tools vendors,coincident,0,higher = bullish,quarterly,pct,"Earnings releases, 8-K Ex.99.1, call transcripts",Revvity,https://ir.revvity.com/,free,Research reagents and instruments.,curated
TOOLS_RVTY_ORGANIC,Revvity organic/core revenue growth y/y,Tools vendors,coincident,0,higher = bullish,quarterly,pct,"Earnings releases, 8-K Ex.99.1, call transcripts",Revvity,https://ir.revvity.com/,free,Vendor-level demand now; the outcome that leading indicators should anticipate.,curated
TOOLS_RVTY_PHARMA,Revvity pharma & biotech end-market growth,Tools vendors,coincident,0,higher = bullish,quarterly,pct,"Earnings releases, 8-K Ex.99.1, call transcripts",Revvity,https://ir.revvity.com/,free,Vendor-side read on biopharma R&D and QA/QC demand.,curated
TOOLS_SECTOR_COMMENTARY,Cross-vendor commentary on US academic and biopharma demand,Tools vendors,context,n/a,context,quarterly,text,Earnings releases and calls,Company IR (see rows),https://www.sec.gov/edgar/search/,free,"One-paragraph synthesis per quarter, citing the most informative release.",curated
TOOLS_TECH_ACADGOV,Bio-Techne academic & government end-market growth,Tools vendors,coincident,0 (leads the vendor's next guide),higher = bullish,quarterly,pct,"Earnings releases, 8-K Ex.99.1, call transcripts",Bio-Techne,https://investors.bio-techne.com/,free,Vendor-side read on NIH/NSF-funded demand. Mostly global and often qualitative; see value_text and notes. GAP: not yet collected.,curated
TOOLS_TECH_PHARMA,Bio-Techne pharma & biotech end-market growth,Tools vendors,coincident,0,higher = bullish,quarterly,pct,"Earnings releases, 8-K Ex.99.1, call transcripts",Bio-Techne,https://investors.bio-techne.com/,free,Vendor-side read on biopharma R&D and QA/QC demand. GAP: not yet collected.,curated
TOOLS_TMO_ACADGOV,Thermo Fisher academic & government end-market growth,Tools vendors,coincident,0 (leads the vendor's next guide),higher = bullish,quarterly,pct,"Earnings releases, 8-K Ex.99.1, call transcripts",Thermo Fisher,https://ir.thermofisher.com/,free,Vendor-side read on NIH/NSF-funded demand. Mostly global and often qualitative; see value_text and notes.,curated
TOOLS_TMO_GUIDE,Thermo Fisher full-year organic/core growth guidance (midpoint),Tools vendors,leading,0-3 qtrs,higher = bullish,event (quarterly updates),pct,"Earnings releases, 8-K Ex.99.1, call transcripts",Thermo Fisher,https://ir.thermofisher.com/,free,Management's forward view; value_text keeps the guidance history.,curated
TOOLS_TMO_ORGANIC,Thermo Fisher organic/core revenue growth y/y,Tools vendors,coincident,0,higher = bullish,quarterly,pct,"Earnings releases, 8-K Ex.99.1, call transcripts",Thermo Fisher,https://ir.thermofisher.com/,free,Vendor-level demand now; the outcome that leading indicators should anticipate.,curated
TOOLS_TMO_ORGANIC_FY,"Thermo Fisher organic/core revenue growth, full year",Tools vendors,coincident,0,higher = bullish,annual,pct,"Earnings releases, 8-K Ex.99.1, call transcripts",Thermo Fisher,https://ir.thermofisher.com/,free,Annual version.,curated
TOOLS_TMO_PHARMA,Thermo Fisher pharma & biotech end-market growth,Tools vendors,coincident,0,higher = bullish,quarterly,pct,"Earnings releases, 8-K Ex.99.1, call transcripts",Thermo Fisher,https://ir.thermofisher.com/,free,Vendor-side read on biopharma R&D and QA/QC demand.,curated
TOOLS_WAT_ACADGOV,Waters academic & government end-market growth,Tools vendors,coincident,0 (leads the vendor's next guide),higher = bullish,quarterly,pct,"Earnings releases, 8-K Ex.99.1, call transcripts",Waters,https://ir.waters.com/,free,Vendor-side read on NIH/NSF-funded demand. Mostly global and often qualitative; see value_text and notes.,curated
TOOLS_WAT_GUIDE,Waters full-year organic/core growth guidance (midpoint),Tools vendors,leading,0-3 qtrs,higher = bullish,event (quarterly updates),pct,"Earnings releases, 8-K Ex.99.1, call transcripts",Waters,https://ir.waters.com/,free,Management's forward view; value_text keeps the guidance history.,curated
TOOLS_WAT_INSTR,Waters instrument sales growth y/y,Tools vendors,coincident,0,higher = bullish,quarterly,pct,"Earnings releases, 8-K Ex.99.1, call transcripts",Waters,https://ir.waters.com/,free,Capital-equipment cycle (the most cyclical part of tools spend).,curated
TOOLS_WAT_ORGANIC,Waters organic/core revenue growth y/y,Tools vendors,coincident,0,higher = bullish,quarterly,pct,"Earnings releases, 8-K Ex.99.1, call transcripts",Waters,https://ir.waters.com/,free,Vendor-level demand now; the outcome that leading indicators should anticipate.,curated
TOOLS_WAT_PHARMA,Waters pharma & biotech end-market growth,Tools vendors,coincident,0,higher = bullish,quarterly,pct,"Earnings releases, 8-K Ex.99.1, call transcripts",Waters,https://ir.waters.com/,free,Vendor-side read on biopharma R&D and QA/QC demand.,curated
MACRO_EMP_PHARMA_MFG,Employment: pharmaceutical & medicine manufacturing (NAICS 3254),Macro & industrial,coincident,0,higher = bullish,monthly,thousands,FRED:CES3232540001,BLS CES via FRED,https://fred.stlouisfed.org/series/CES3232540001,free,Pharma headcount; onshoring shows up here.,auto
MACRO_EMP_SCI_RD,Employment: scientific research & development services (NAICS 5417),Macro & industrial,coincident,0-1 qtr,higher = bullish,monthly,thousands,FRED:CES6054170001,BLS CES via FRED,https://fred.stlouisfed.org/series/CES6054170001,free,Bench headcount at biotechs/CROs/contract labs drives consumables pull-through.,auto
MACRO_FEDFUNDS,Effective federal funds rate,Macro & industrial,leading,2-4 qtrs (inverse),lower = bullish,monthly,pct,FRED:FEDFUNDS,Federal Reserve via FRED,https://fred.stlouisfed.org/series/FEDFUNDS,free,Cost of capital for biotech.,auto
MACRO_INDEED_SCI_RD,Indeed job postings: scientific research & development (US),Macro & industrial,leading,1-3 qtrs,higher = bullish,daily -> monthly mean,index_feb2020=100,FRED:IHLIDXUSTPSCREDE,Indeed Hiring Lab via FRED,https://fred.stlouisfed.org/series/IHLIDXUSTPSCREDE,free,Hiring intent precedes headcount and lab set-up spend.,auto
MACRO_IP_INSTR,"Industrial production: navigational, measuring, electromedical & control instruments (NAICS 3345)",Macro & industrial,coincident,0,higher = bullish,monthly,index_2017=100,FRED:IPG3345S,Federal Reserve G.17 via FRED,https://fred.stlouisfed.org/series/IPG3345S,free,Real US output of the instrument category.,auto
MACRO_M3_INSTR_NEW_ORDERS,"Census M3 new orders: electromedical, measuring & control instruments (SA)",Macro & industrial,leading,1-2 qtrs vs shipments,higher = bullish,monthly,USD_mn,FRED:A34KNO,US Census Bureau M3 via FRED,https://fred.stlouisfed.org/series/A34KNO,free,"Orders precede shipments/revenue; NAICS 3345 includes lab analytical instruments (also medical/industrial, so noisy).",auto
MACRO_M3_INSTR_UNFILLED,"Census M3 unfilled orders: electromedical, measuring & control instruments (SA)",Macro & industrial,leading,1-2 qtrs,higher = bullish,monthly,USD_mn,FRED:A34KUO,US Census Bureau M3 via FRED,https://fred.stlouisfed.org/series/A34KUO,free,Backlog cushion for instrument makers.,auto
MACRO_PPI_LAB_INSTR,PPI: analytical laboratory instrument manufacturing,Macro & industrial,context,n/a,context (pricing),monthly,index_dec1985=100,FRED:PCU334516334516,BLS PPI via FRED,https://fred.stlouisfed.org/series/PCU334516334516,free,Separates price from volume in vendor revenue; tariff pass-through shows here.,auto
MACRO_PPI_SCI_INSTR,PPI commodity: engineering & scientific instruments,Macro & industrial,context,n/a,context (pricing),monthly,index_dec1982=100,FRED:WPU1185,BLS PPI via FRED,https://fred.stlouisfed.org/series/WPU1185,free,Broader instrument pricing.,auto
MACRO_UST10Y,10-year Treasury yield (monthly avg),Macro & industrial,leading,2-4 qtrs (inverse),lower = bullish,monthly,pct,FRED:GS10,Federal Reserve H.15 via FRED,https://fred.stlouisfed.org/series/GS10,free,Long-duration biotech equity valuations and funding windows are rate-sensitive.,auto
REG_ANIMAL_TESTING,FDA/NIH moves to reduce animal testing (NAMs): event log,Regulatory,structural,4-12 qtrs,"mixed: bearish for animal models, bullish for in-vitro/organoid/organ-chip tools",event,text,"FDA roadmap (Apr 2025), NIH NAMs policy, FDA Modernization Act",FDA / NIH,https://www.fda.gov/,free,Shifts the preclinical toolkit mix away from animal models. GAP: not yet collected.,curated
REG_FDA_IND,New INDs received by FDA (CDER + CBER),Regulatory,lagging-confirm,-1 to -3 qtrs,higher = bullish,annual,count,FDA IND statistics,FDA,https://www.fda.gov/drugs/investigational-new-drug-ind-application,free,Output of IND-enabling preclinical work. GAP: not yet collected.,curated
CONF_CTGOV_PH1_STARTS_US,Industry-sponsored Phase 1 study starts with a US site,Clinical confirmation,lagging-confirm,-2 to -6 qtrs (lags preclinical),higher = bullish,monthly,count,ClinicalTrials.gov API v2 filter.advanced,ClinicalTrials.gov API v2,https://clinicaltrials.gov/data-api/api,free,Output of preclinical work; confirms whether earlier CRO/tools demand turned into programs.,auto
TOOLS_REV_AVTR_Q,AVTR quarterly reported revenue (XBRL),Outcome (tools revenue),target,n/a,outcome,quarterly,USD_mn,SEC XBRL companyconcept us-gaap revenue tags,SEC EDGAR XBRL API,https://www.sec.gov/edgar/sec-api-documentation,free,"The variable the leading indicators are meant to predict (reported, not organic).",auto
TOOLS_REV_A_Q,A quarterly reported revenue (XBRL),Outcome (tools revenue),target,n/a,outcome,quarterly,USD_mn,SEC XBRL companyconcept us-gaap revenue tags,SEC EDGAR XBRL API,https://www.sec.gov/edgar/sec-api-documentation,free,"The variable the leading indicators are meant to predict (reported, not organic).",auto
TOOLS_REV_BASKET_Q_YOY,"Tools & preclinical CRO basket revenue, y/y growth (reported)",Outcome (tools revenue),target,n/a,outcome,quarterly,pct,derived from TOOLS_REV_*_Q,SEC EDGAR XBRL API (derived),https://www.sec.gov/edgar/sec-api-documentation,free,Target series for back-testing the lead times above; M&A and FX distort it vs. organic growth.,auto
TOOLS_REV_BRKR_Q,BRKR quarterly reported revenue (XBRL),Outcome (tools revenue),target,n/a,outcome,quarterly,USD_mn,SEC XBRL companyconcept us-gaap revenue tags,SEC EDGAR XBRL API,https://www.sec.gov/edgar/sec-api-documentation,free,"The variable the leading indicators are meant to predict (reported, not organic).",auto
TOOLS_REV_CRL_Q,CRL quarterly reported revenue (XBRL),Outcome (tools revenue),target,n/a,outcome,quarterly,USD_mn,SEC XBRL companyconcept us-gaap revenue tags,SEC EDGAR XBRL API,https://www.sec.gov/edgar/sec-api-documentation,free,"The variable the leading indicators are meant to predict (reported, not organic).",auto
TOOLS_REV_DHR_Q,DHR quarterly reported revenue (XBRL),Outcome (tools revenue),target,n/a,outcome,quarterly,USD_mn,SEC XBRL companyconcept us-gaap revenue tags,SEC EDGAR XBRL API,https://www.sec.gov/edgar/sec-api-documentation,free,"The variable the leading indicators are meant to predict (reported, not organic).",auto
TOOLS_REV_MTD_Q,MTD quarterly reported revenue (XBRL),Outcome (tools revenue),target,n/a,outcome,quarterly,USD_mn,SEC XBRL companyconcept us-gaap revenue tags,SEC EDGAR XBRL API,https://www.sec.gov/edgar/sec-api-documentation,free,"The variable the leading indicators are meant to predict (reported, not organic).",auto
TOOLS_REV_RVTY_Q,RVTY quarterly reported revenue (XBRL),Outcome (tools revenue),target,n/a,outcome,quarterly,USD_mn,SEC XBRL companyconcept us-gaap revenue tags,SEC EDGAR XBRL API,https://www.sec.gov/edgar/sec-api-documentation,free,"The variable the leading indicators are meant to predict (reported, not organic).",auto
TOOLS_REV_TECH_Q,TECH quarterly reported revenue (XBRL),Outcome (tools revenue),target,n/a,outcome,quarterly,USD_mn,SEC XBRL companyconcept us-gaap revenue tags,SEC EDGAR XBRL API,https://www.sec.gov/edgar/sec-api-documentation,free,"The variable the leading indicators are meant to predict (reported, not organic).",auto
TOOLS_REV_TMO_Q,TMO quarterly reported revenue (XBRL),Outcome (tools revenue),target,n/a,outcome,quarterly,USD_mn,SEC XBRL companyconcept us-gaap revenue tags,SEC EDGAR XBRL API,https://www.sec.gov/edgar/sec-api-documentation,free,"The variable the leading indicators are meant to predict (reported, not organic).",auto
TOOLS_REV_WAT_Q,WAT quarterly reported revenue (XBRL),Outcome (tools revenue),target,n/a,outcome,quarterly,USD_mn,SEC XBRL companyconcept us-gaap revenue tags,SEC EDGAR XBRL API,https://www.sec.gov/edgar/sec-api-documentation,free,"The variable the leading indicators are meant to predict (reported, not organic).",auto
